

<meta>
    <info type="map" version="1.0.0"></info>
    <map src="vh_done.map" dimension="0"></map>
    
    <file src="b.txd" />
    
    <file src="c.col" />
    <file src="c.dff" />
    
    <file src="uveg_1.col" />
    <file src="uveg_1.dff" />
    
    
    <file src="uveg_2.col" />
    <file src="uveg_2.dff" />
    
    <file src="uveg_3.col" />
    <file src="uveg_3.dff" />
    
    
    <file src="uveg_4.col" />
    <file src="uveg_4.dff" />
    
    <script src="mapEditorScriptingExtension_s.lua" type="server"></script>
    <script src="mapEditorScriptingExtension_c.luac" type="client" validate="false"></script>
</meta>

